[{"model": "auth.permission", "pk": 1, "fields": {"name": "Can add log entry", "content_type": 1, "codename": "add_logentry"}}, {"model": "auth.permission", "pk": 2, "fields": {"name": "Can change log entry", "content_type": 1, "codename": "change_logentry"}}, {"model": "auth.permission", "pk": 3, "fields": {"name": "Can delete log entry", "content_type": 1, "codename": "delete_logentry"}}, {"model": "auth.permission", "pk": 4, "fields": {"name": "Can view log entry", "content_type": 1, "codename": "view_logentry"}}, {"model": "auth.permission", "pk": 5, "fields": {"name": "Can add permission", "content_type": 2, "codename": "add_permission"}}, {"model": "auth.permission", "pk": 6, "fields": {"name": "Can change permission", "content_type": 2, "codename": "change_permission"}}, {"model": "auth.permission", "pk": 7, "fields": {"name": "Can delete permission", "content_type": 2, "codename": "delete_permission"}}, {"model": "auth.permission", "pk": 8, "fields": {"name": "Can view permission", "content_type": 2, "codename": "view_permission"}}, {"model": "auth.permission", "pk": 9, "fields": {"name": "Can add group", "content_type": 3, "codename": "add_group"}}, {"model": "auth.permission", "pk": 10, "fields": {"name": "Can change group", "content_type": 3, "codename": "change_group"}}, {"model": "auth.permission", "pk": 11, "fields": {"name": "Can delete group", "content_type": 3, "codename": "delete_group"}}, {"model": "auth.permission", "pk": 12, "fields": {"name": "Can view group", "content_type": 3, "codename": "view_group"}}, {"model": "auth.permission", "pk": 13, "fields": {"name": "Can add content type", "content_type": 4, "codename": "add_contenttype"}}, {"model": "auth.permission", "pk": 14, "fields": {"name": "Can change content type", "content_type": 4, "codename": "change_contenttype"}}, {"model": "auth.permission", "pk": 15, "fields": {"name": "Can delete content type", "content_type": 4, "codename": "delete_contenttype"}}, {"model": "auth.permission", "pk": 16, "fields": {"name": "Can view content type", "content_type": 4, "codename": "view_contenttype"}}, {"model": "auth.permission", "pk": 17, "fields": {"name": "Can add session", "content_type": 5, "codename": "add_session"}}, {"model": "auth.permission", "pk": 18, "fields": {"name": "Can change session", "content_type": 5, "codename": "change_session"}}, {"model": "auth.permission", "pk": 19, "fields": {"name": "Can delete session", "content_type": 5, "codename": "delete_session"}}, {"model": "auth.permission", "pk": 20, "fields": {"name": "Can view session", "content_type": 5, "codename": "view_session"}}, {"model": "auth.permission", "pk": 21, "fields": {"name": "Can add product category", "content_type": 6, "codename": "add_productcategory"}}, {"model": "auth.permission", "pk": 22, "fields": {"name": "Can change product category", "content_type": 6, "codename": "change_productcategory"}}, {"model": "auth.permission", "pk": 23, "fields": {"name": "Can delete product category", "content_type": 6, "codename": "delete_productcategory"}}, {"model": "auth.permission", "pk": 24, "fields": {"name": "Can view product category", "content_type": 6, "codename": "view_productcategory"}}, {"model": "auth.permission", "pk": 25, "fields": {"name": "Can add product", "content_type": 7, "codename": "add_product"}}, {"model": "auth.permission", "pk": 26, "fields": {"name": "Can change product", "content_type": 7, "codename": "change_product"}}, {"model": "auth.permission", "pk": 27, "fields": {"name": "Can delete product", "content_type": 7, "codename": "delete_product"}}, {"model": "auth.permission", "pk": 28, "fields": {"name": "Can view product", "content_type": 7, "codename": "view_product"}}, {"model": "auth.permission", "pk": 29, "fields": {"name": "Can add user", "content_type": 8, "codename": "add_shopuser"}}, {"model": "auth.permission", "pk": 30, "fields": {"name": "Can change user", "content_type": 8, "codename": "change_shopuser"}}, {"model": "auth.permission", "pk": 31, "fields": {"name": "Can delete user", "content_type": 8, "codename": "delete_shopuser"}}, {"model": "auth.permission", "pk": 32, "fields": {"name": "Can view user", "content_type": 8, "codename": "view_shopuser"}}, {"model": "auth.permission", "pk": 33, "fields": {"name": "Can add basket", "content_type": 9, "codename": "add_basket"}}, {"model": "auth.permission", "pk": 34, "fields": {"name": "Can change basket", "content_type": 9, "codename": "change_basket"}}, {"model": "auth.permission", "pk": 35, "fields": {"name": "Can delete basket", "content_type": 9, "codename": "delete_basket"}}, {"model": "auth.permission", "pk": 36, "fields": {"name": "Can view basket", "content_type": 9, "codename": "view_basket"}}, {"model": "auth.permission", "pk": 37, "fields": {"name": "Can add association", "content_type": 10, "codename": "add_association"}}, {"model": "auth.permission", "pk": 38, "fields": {"name": "Can change association", "content_type": 10, "codename": "change_association"}}, {"model": "auth.permission", "pk": 39, "fields": {"name": "Can delete association", "content_type": 10, "codename": "delete_association"}}, {"model": "auth.permission", "pk": 40, "fields": {"name": "Can view association", "content_type": 10, "codename": "view_association"}}, {"model": "auth.permission", "pk": 41, "fields": {"name": "Can add code", "content_type": 11, "codename": "add_code"}}, {"model": "auth.permission", "pk": 42, "fields": {"name": "Can change code", "content_type": 11, "codename": "change_code"}}, {"model": "auth.permission", "pk": 43, "fields": {"name": "Can delete code", "content_type": 11, "codename": "delete_code"}}, {"model": "auth.permission", "pk": 44, "fields": {"name": "Can view code", "content_type": 11, "codename": "view_code"}}, {"model": "auth.permission", "pk": 45, "fields": {"name": "Can add nonce", "content_type": 12, "codename": "add_nonce"}}, {"model": "auth.permission", "pk": 46, "fields": {"name": "Can change nonce", "content_type": 12, "codename": "change_nonce"}}, {"model": "auth.permission", "pk": 47, "fields": {"name": "Can delete nonce", "content_type": 12, "codename": "delete_nonce"}}, {"model": "auth.permission", "pk": 48, "fields": {"name": "Can view nonce", "content_type": 12, "codename": "view_nonce"}}, {"model": "auth.permission", "pk": 49, "fields": {"name": "Can add user social auth", "content_type": 13, "codename": "add_usersocialauth"}}, {"model": "auth.permission", "pk": 50, "fields": {"name": "Can change user social auth", "content_type": 13, "codename": "change_usersocialauth"}}, {"model": "auth.permission", "pk": 51, "fields": {"name": "Can delete user social auth", "content_type": 13, "codename": "delete_usersocialauth"}}, {"model": "auth.permission", "pk": 52, "fields": {"name": "Can view user social auth", "content_type": 13, "codename": "view_usersocialauth"}}, {"model": "auth.permission", "pk": 53, "fields": {"name": "Can add partial", "content_type": 14, "codename": "add_partial"}}, {"model": "auth.permission", "pk": 54, "fields": {"name": "Can change partial", "content_type": 14, "codename": "change_partial"}}, {"model": "auth.permission", "pk": 55, "fields": {"name": "Can delete partial", "content_type": 14, "codename": "delete_partial"}}, {"model": "auth.permission", "pk": 56, "fields": {"name": "Can view partial", "content_type": 14, "codename": "view_partial"}}, {"model": "auth.permission", "pk": 57, "fields": {"name": "Can add shop user profile", "content_type": 15, "codename": "add_shopuserprofile"}}, {"model": "auth.permission", "pk": 58, "fields": {"name": "Can change shop user profile", "content_type": 15, "codename": "change_shopuserprofile"}}, {"model": "auth.permission", "pk": 59, "fields": {"name": "Can delete shop user profile", "content_type": 15, "codename": "delete_shopuserprofile"}}, {"model": "auth.permission", "pk": 60, "fields": {"name": "Can view shop user profile", "content_type": 15, "codename": "view_shopuserprofile"}}, {"model": "auth.permission", "pk": 61, "fields": {"name": "Can add \u0437\u0430\u043a\u0430\u0437", "content_type": 16, "codename": "add_order"}}, {"model": "auth.permission", "pk": 62, "fields": {"name": "Can change \u0437\u0430\u043a\u0430\u0437", "content_type": 16, "codename": "change_order"}}, {"model": "auth.permission", "pk": 63, "fields": {"name": "Can delete \u0437\u0430\u043a\u0430\u0437", "content_type": 16, "codename": "delete_order"}}, {"model": "auth.permission", "pk": 64, "fields": {"name": "Can view \u0437\u0430\u043a\u0430\u0437", "content_type": 16, "codename": "view_order"}}, {"model": "auth.permission", "pk": 65, "fields": {"name": "Can add order item", "content_type": 17, "codename": "add_orderitem"}}, {"model": "auth.permission", "pk": 66, "fields": {"name": "Can change order item", "content_type": 17, "codename": "change_orderitem"}}, {"model": "auth.permission", "pk": 67, "fields": {"name": "Can delete order item", "content_type": 17, "codename": "delete_orderitem"}}, {"model": "auth.permission", "pk": 68, "fields": {"name": "Can view order item", "content_type": 17, "codename": "view_orderitem"}}, {"model": "sessions.session", "pk": "0hjo7fgoe9tfsphkbxecrycpkiybchlz", "fields": {"session_data": "OTU5ODBjYjE5NTIzNmQ4YzU4NTdhM2FjNWNmOGZlNzJmMGI2MjgzZjp7Il9hdXRoX3VzZXJfaWQiOiIxIiwiX2F1dGhfdXNlcl9iYWNrZW5kIjoiZGphbmdvLmNvbnRyaWIuYXV0aC5iYWNrZW5kcy5Nb2RlbEJhY2tlbmQiLCJfYXV0aF91c2VyX2hhc2giOiI0MDcyYzRlY2RiOThiNDQ2NzI3YzcwY2NmYjk0N2Q4N2IxZGQ3NTkwIn0=", "expire_date": "2020-06-01T06:41:54.235Z"}}, {"model": "sessions.session", "pk": "1yybwnpjxvjrs2mtz71busmj7f91noly", "fields": {"session_data": "OTU5ODBjYjE5NTIzNmQ4YzU4NTdhM2FjNWNmOGZlNzJmMGI2MjgzZjp7Il9hdXRoX3VzZXJfaWQiOiIxIiwiX2F1dGhfdXNlcl9iYWNrZW5kIjoiZGphbmdvLmNvbnRyaWIuYXV0aC5iYWNrZW5kcy5Nb2RlbEJhY2tlbmQiLCJfYXV0aF91c2VyX2hhc2giOiI0MDcyYzRlY2RiOThiNDQ2NzI3YzcwY2NmYjk0N2Q4N2IxZGQ3NTkwIn0=", "expire_date": "2020-06-01T09:41:34.032Z"}}, {"model": "sessions.session", "pk": "2sn6q5h62u8w9yv01wkorxnamr6nubok", "fields": {"session_data": "OTU5ODBjYjE5NTIzNmQ4YzU4NTdhM2FjNWNmOGZlNzJmMGI2MjgzZjp7Il9hdXRoX3VzZXJfaWQiOiIxIiwiX2F1dGhfdXNlcl9iYWNrZW5kIjoiZGphbmdvLmNvbnRyaWIuYXV0aC5iYWNrZW5kcy5Nb2RlbEJhY2tlbmQiLCJfYXV0aF91c2VyX2hhc2giOiI0MDcyYzRlY2RiOThiNDQ2NzI3YzcwY2NmYjk0N2Q4N2IxZGQ3NTkwIn0=", "expire_date": "2020-05-07T10:46:32.863Z"}}, {"model": "sessions.session", "pk": "333nf4u0toz5d3rs9fluifdhodbipjlk", "fields": {"session_data": "YmZlZGU2ZDZkMGRkZTE1ZTJkY2VmZjE0ZDhjNTVhZDYxZmNkNGM3Njp7Im5leHQiOiIvIiwidmstb2F1dGgyX3N0YXRlIjoiZ1pIV3JHMUExZTlUMmhVemlETmtzWmpwREVucUpOdXIiLCJfYXV0aF91c2VyX2lkIjoiNiIsIl9hdXRoX3VzZXJfYmFja2VuZCI6InNvY2lhbF9jb3JlLmJhY2tlbmRzLnZrLlZLT0F1dGgyIiwiX2F1dGhfdXNlcl9oYXNoIjoiZWJjNjVmN2FhM2NlYjgyNzNjNzhlNDZiOGNkZGEyNjExMmYzZWE5OCIsInNvY2lhbF9hdXRoX2xhc3RfbG9naW5fYmFja2VuZCI6InZrLW9hdXRoMiJ9", "expire_date": "2020-05-26T11:27:55.943Z"}}, {"model": "sessions.session", "pk": "395px8rtgumrchnwgk2kagsa7ox0xfzw", "fields": {"session_data": "NDk3YjMwOGQ1MjM2OTQ3MGI3ZDA0ZmU2NDU4MTFiZTIyMTlkOWZhYjp7Im5leHQiOiIvIiwiZmFjZWJvb2tfc3RhdGUiOiJnSlFkbjJXNm9JZ2JYVW1LRVdtMjRDQkM4b2REaGRsQiIsIl9hdXRoX3VzZXJfaWQiOiIxIiwiX2F1dGhfdXNlcl9iYWNrZW5kIjoiZGphbmdvLmNvbnRyaWIuYXV0aC5iYWNrZW5kcy5Nb2RlbEJhY2tlbmQiLCJfYXV0aF91c2VyX2hhc2giOiI0MDcyYzRlY2RiOThiNDQ2NzI3YzcwY2NmYjk0N2Q4N2IxZGQ3NTkwIn0=", "expire_date": "2020-05-25T08:26:06.942Z"}}, {"model": "sessions.session", "pk": "5tr4ayyaobleml6vkbtjatj3hiwnhiv4", "fields": {"session_data": "OTU5ODBjYjE5NTIzNmQ4YzU4NTdhM2FjNWNmOGZlNzJmMGI2MjgzZjp7Il9hdXRoX3VzZXJfaWQiOiIxIiwiX2F1dGhfdXNlcl9iYWNrZW5kIjoiZGphbmdvLmNvbnRyaWIuYXV0aC5iYWNrZW5kcy5Nb2RlbEJhY2tlbmQiLCJfYXV0aF91c2VyX2hhc2giOiI0MDcyYzRlY2RiOThiNDQ2NzI3YzcwY2NmYjk0N2Q4N2IxZGQ3NTkwIn0=", "expire_date": "2020-05-19T16:04:57.052Z"}}, {"model": "sessions.session", "pk": "6ycb2ht6f5i28wgw0zd3wf3vub6sgzat", "fields": {"session_data": "OTU5ODBjYjE5NTIzNmQ4YzU4NTdhM2FjNWNmOGZlNzJmMGI2MjgzZjp7Il9hdXRoX3VzZXJfaWQiOiIxIiwiX2F1dGhfdXNlcl9iYWNrZW5kIjoiZGphbmdvLmNvbnRyaWIuYXV0aC5iYWNrZW5kcy5Nb2RlbEJhY2tlbmQiLCJfYXV0aF91c2VyX2hhc2giOiI0MDcyYzRlY2RiOThiNDQ2NzI3YzcwY2NmYjk0N2Q4N2IxZGQ3NTkwIn0=", "expire_date": "2020-06-01T14:12:57.163Z"}}, {"model": "sessions.session", "pk": "8o8i49hm7x463m0ryph1n5ukp2fi3w08", "fields": {"session_data": "OTU5ODBjYjE5NTIzNmQ4YzU4NTdhM2FjNWNmOGZlNzJmMGI2MjgzZjp7Il9hdXRoX3VzZXJfaWQiOiIxIiwiX2F1dGhfdXNlcl9iYWNrZW5kIjoiZGphbmdvLmNvbnRyaWIuYXV0aC5iYWNrZW5kcy5Nb2RlbEJhY2tlbmQiLCJfYXV0aF91c2VyX2hhc2giOiI0MDcyYzRlY2RiOThiNDQ2NzI3YzcwY2NmYjk0N2Q4N2IxZGQ3NTkwIn0=", "expire_date": "2020-06-01T18:40:10.691Z"}}, {"model": "sessions.session", "pk": "8vplx19i5lrr2ykymrbuzpevyznal5om", "fields": {"session_data": "OTU5ODBjYjE5NTIzNmQ4YzU4NTdhM2FjNWNmOGZlNzJmMGI2MjgzZjp7Il9hdXRoX3VzZXJfaWQiOiIxIiwiX2F1dGhfdXNlcl9iYWNrZW5kIjoiZGphbmdvLmNvbnRyaWIuYXV0aC5iYWNrZW5kcy5Nb2RlbEJhY2tlbmQiLCJfYXV0aF91c2VyX2hhc2giOiI0MDcyYzRlY2RiOThiNDQ2NzI3YzcwY2NmYjk0N2Q4N2IxZGQ3NTkwIn0=", "expire_date": "2020-05-03T15:15:05.233Z"}}, {"model": "sessions.session", "pk": "aduxsa9fm6g5oe4wsm8ln8zazazxwypx", "fields": {"session_data": "OTU5ODBjYjE5NTIzNmQ4YzU4NTdhM2FjNWNmOGZlNzJmMGI2MjgzZjp7Il9hdXRoX3VzZXJfaWQiOiIxIiwiX2F1dGhfdXNlcl9iYWNrZW5kIjoiZGphbmdvLmNvbnRyaWIuYXV0aC5iYWNrZW5kcy5Nb2RlbEJhY2tlbmQiLCJfYXV0aF91c2VyX2hhc2giOiI0MDcyYzRlY2RiOThiNDQ2NzI3YzcwY2NmYjk0N2Q4N2IxZGQ3NTkwIn0=", "expire_date": "2020-05-09T15:35:02.119Z"}}, {"model": "sessions.session", "pk": "alergjm7vw67y4hl1xts8jtagfs2rcjm", "fields": {"session_data": "OTU5ODBjYjE5NTIzNmQ4YzU4NTdhM2FjNWNmOGZlNzJmMGI2MjgzZjp7Il9hdXRoX3VzZXJfaWQiOiIxIiwiX2F1dGhfdXNlcl9iYWNrZW5kIjoiZGphbmdvLmNvbnRyaWIuYXV0aC5iYWNrZW5kcy5Nb2RlbEJhY2tlbmQiLCJfYXV0aF91c2VyX2hhc2giOiI0MDcyYzRlY2RiOThiNDQ2NzI3YzcwY2NmYjk0N2Q4N2IxZGQ3NTkwIn0=", "expire_date": "2020-05-07T17:35:36.336Z"}}, {"model": "sessions.session", "pk": "cbmax61sstutrulcm0njma5zxhkq8wv4", "fields": {"session_data": "OTU5ODBjYjE5NTIzNmQ4YzU4NTdhM2FjNWNmOGZlNzJmMGI2MjgzZjp7Il9hdXRoX3VzZXJfaWQiOiIxIiwiX2F1dGhfdXNlcl9iYWNrZW5kIjoiZGphbmdvLmNvbnRyaWIuYXV0aC5iYWNrZW5kcy5Nb2RlbEJhY2tlbmQiLCJfYXV0aF91c2VyX2hhc2giOiI0MDcyYzRlY2RiOThiNDQ2NzI3YzcwY2NmYjk0N2Q4N2IxZGQ3NTkwIn0=", "expire_date": "2020-05-10T15:34:26.601Z"}}, {"model": "sessions.session", "pk": "dbqmlavekqra5f94e8g85b0uwd0l8alr", "fields": {"session_data": "ZDgzZDNjZTE0ZTIyNjJiZmM5ZDgzMmZkMDJlNmYyOTY0NDQ3YWQ0Yzp7Il9hdXRoX3VzZXJfaWQiOiIyIiwiX2F1dGhfdXNlcl9iYWNrZW5kIjoiZGphbmdvLmNvbnRyaWIuYXV0aC5iYWNrZW5kcy5Nb2RlbEJhY2tlbmQiLCJfYXV0aF91c2VyX2hhc2giOiJjNDM2YTQ1NDMwNmE1NjZiNzJhYjE3NzBlOGNjNTE1YjIzMzJhNmEzIn0=", "expire_date": "2020-05-06T09:39:44.044Z"}}, {"model": "sessions.session", "pk": "eberveinpmdctszkwsm9e37in1tbw71y", "fields": {"session_data": "OTU5ODBjYjE5NTIzNmQ4YzU4NTdhM2FjNWNmOGZlNzJmMGI2MjgzZjp7Il9hdXRoX3VzZXJfaWQiOiIxIiwiX2F1dGhfdXNlcl9iYWNrZW5kIjoiZGphbmdvLmNvbnRyaWIuYXV0aC5iYWNrZW5kcy5Nb2RlbEJhY2tlbmQiLCJfYXV0aF91c2VyX2hhc2giOiI0MDcyYzRlY2RiOThiNDQ2NzI3YzcwY2NmYjk0N2Q4N2IxZGQ3NTkwIn0=", "expire_date": "2020-05-10T07:14:23.670Z"}}, {"model": "sessions.session", "pk": "ecwft61gihy3kwn9gucprw3qr7um031t", "fields": {"session_data": "OTU5ODBjYjE5NTIzNmQ4YzU4NTdhM2FjNWNmOGZlNzJmMGI2MjgzZjp7Il9hdXRoX3VzZXJfaWQiOiIxIiwiX2F1dGhfdXNlcl9iYWNrZW5kIjoiZGphbmdvLmNvbnRyaWIuYXV0aC5iYWNrZW5kcy5Nb2RlbEJhY2tlbmQiLCJfYXV0aF91c2VyX2hhc2giOiI0MDcyYzRlY2RiOThiNDQ2NzI3YzcwY2NmYjk0N2Q4N2IxZGQ3NTkwIn0=", "expire_date": "2020-05-04T07:38:52.677Z"}}, {"model": "sessions.session", "pk": "h6aeksjte6m07if0ba2ylljo0c3x0f93", "fields": {"session_data": "ZDgzZDNjZTE0ZTIyNjJiZmM5ZDgzMmZkMDJlNmYyOTY0NDQ3YWQ0Yzp7Il9hdXRoX3VzZXJfaWQiOiIyIiwiX2F1dGhfdXNlcl9iYWNrZW5kIjoiZGphbmdvLmNvbnRyaWIuYXV0aC5iYWNrZW5kcy5Nb2RlbEJhY2tlbmQiLCJfYXV0aF91c2VyX2hhc2giOiJjNDM2YTQ1NDMwNmE1NjZiNzJhYjE3NzBlOGNjNTE1YjIzMzJhNmEzIn0=", "expire_date": "2020-05-06T10:15:21.450Z"}}, {"model": "sessions.session", "pk": "h7w918x2a6o8kouq5o6h5xmgx8ub1rjz", "fields": {"session_data": "OTU5ODBjYjE5NTIzNmQ4YzU4NTdhM2FjNWNmOGZlNzJmMGI2MjgzZjp7Il9hdXRoX3VzZXJfaWQiOiIxIiwiX2F1dGhfdXNlcl9iYWNrZW5kIjoiZGphbmdvLmNvbnRyaWIuYXV0aC5iYWNrZW5kcy5Nb2RlbEJhY2tlbmQiLCJfYXV0aF91c2VyX2hhc2giOiI0MDcyYzRlY2RiOThiNDQ2NzI3YzcwY2NmYjk0N2Q4N2IxZGQ3NTkwIn0=", "expire_date": "2020-06-02T13:09:56.670Z"}}, {"model": "sessions.session", "pk": "ijznfr1kvqsce1lgec89lr0az0e7zva1", "fields": {"session_data": "OTU5ODBjYjE5NTIzNmQ4YzU4NTdhM2FjNWNmOGZlNzJmMGI2MjgzZjp7Il9hdXRoX3VzZXJfaWQiOiIxIiwiX2F1dGhfdXNlcl9iYWNrZW5kIjoiZGphbmdvLmNvbnRyaWIuYXV0aC5iYWNrZW5kcy5Nb2RlbEJhY2tlbmQiLCJfYXV0aF91c2VyX2hhc2giOiI0MDcyYzRlY2RiOThiNDQ2NzI3YzcwY2NmYjk0N2Q4N2IxZGQ3NTkwIn0=", "expire_date": "2020-05-17T10:18:04.170Z"}}, {"model": "sessions.session", "pk": "jf3pekjdtwz12ogoge7i6l2wtm46wbdx", "fields": {"session_data": "OTU5ODBjYjE5NTIzNmQ4YzU4NTdhM2FjNWNmOGZlNzJmMGI2MjgzZjp7Il9hdXRoX3VzZXJfaWQiOiIxIiwiX2F1dGhfdXNlcl9iYWNrZW5kIjoiZGphbmdvLmNvbnRyaWIuYXV0aC5iYWNrZW5kcy5Nb2RlbEJhY2tlbmQiLCJfYXV0aF91c2VyX2hhc2giOiI0MDcyYzRlY2RiOThiNDQ2NzI3YzcwY2NmYjk0N2Q4N2IxZGQ3NTkwIn0=", "expire_date": "2020-06-03T07:32:39.407Z"}}, {"model": "sessions.session", "pk": "nq7muy48qub9n0lft3r88jqniof1den6", "fields": {"session_data": "OTU5ODBjYjE5NTIzNmQ4YzU4NTdhM2FjNWNmOGZlNzJmMGI2MjgzZjp7Il9hdXRoX3VzZXJfaWQiOiIxIiwiX2F1dGhfdXNlcl9iYWNrZW5kIjoiZGphbmdvLmNvbnRyaWIuYXV0aC5iYWNrZW5kcy5Nb2RlbEJhY2tlbmQiLCJfYXV0aF91c2VyX2hhc2giOiI0MDcyYzRlY2RiOThiNDQ2NzI3YzcwY2NmYjk0N2Q4N2IxZGQ3NTkwIn0=", "expire_date": "2020-06-01T10:59:55.414Z"}}, {"model": "sessions.session", "pk": "ok6162q4ncxppp7zkmf19184hnimvi1v", "fields": {"session_data": "OTU5ODBjYjE5NTIzNmQ4YzU4NTdhM2FjNWNmOGZlNzJmMGI2MjgzZjp7Il9hdXRoX3VzZXJfaWQiOiIxIiwiX2F1dGhfdXNlcl9iYWNrZW5kIjoiZGphbmdvLmNvbnRyaWIuYXV0aC5iYWNrZW5kcy5Nb2RlbEJhY2tlbmQiLCJfYXV0aF91c2VyX2hhc2giOiI0MDcyYzRlY2RiOThiNDQ2NzI3YzcwY2NmYjk0N2Q4N2IxZGQ3NTkwIn0=", "expire_date": "2020-05-31T10:11:31.598Z"}}, {"model": "sessions.session", "pk": "q1uhdnob637539eb5f7qeqgt2jhbsf12", "fields": {"session_data": "ZTYwMWFhY2I0YTgwOTY3OWJkYmVkOTE1MjZkZjA1MGI4ZGZlN2FkNTp7Im5leHQiOiIvIiwiZmFjZWJvb2tfc3RhdGUiOiJaUHFFd21odGJGOWd4dGtBSDBXT2owU1dRajl3YUpxayIsInZrLW9hdXRoMl9zdGF0ZSI6IlI5MUEyOTFsWmExVXM2WldGZ0k4b29kNGtjdDZqd085IiwiX2F1dGhfdXNlcl9pZCI6IjYiLCJfYXV0aF91c2VyX2JhY2tlbmQiOiJzb2NpYWxfY29yZS5iYWNrZW5kcy52ay5WS09BdXRoMiIsIl9hdXRoX3VzZXJfaGFzaCI6ImViYzY1ZjdhYTNjZWI4MjczYzc4ZTQ2YjhjZGRhMjYxMTJmM2VhOTgiLCJzb2NpYWxfYXV0aF9sYXN0X2xvZ2luX2JhY2tlbmQiOiJ2ay1vYXV0aDIifQ==", "expire_date": "2020-05-26T18:55:40.730Z"}}, {"model": "sessions.session", "pk": "spa4o1uwsceao0fbw6xzj26beihi4vff", "fields": {"session_data": "OTU5ODBjYjE5NTIzNmQ4YzU4NTdhM2FjNWNmOGZlNzJmMGI2MjgzZjp7Il9hdXRoX3VzZXJfaWQiOiIxIiwiX2F1dGhfdXNlcl9iYWNrZW5kIjoiZGphbmdvLmNvbnRyaWIuYXV0aC5iYWNrZW5kcy5Nb2RlbEJhY2tlbmQiLCJfYXV0aF91c2VyX2hhc2giOiI0MDcyYzRlY2RiOThiNDQ2NzI3YzcwY2NmYjk0N2Q4N2IxZGQ3NTkwIn0=", "expire_date": "2020-06-01T09:45:57.209Z"}}, {"model": "sessions.session", "pk": "t1hpbabuh1789920p5pxaj3yqfyohv2e", "fields": {"session_data": "ZWE0NzljOTMxMjk3OTdhMDRjODA4MGY5YTMzNGJiZGI5ZjlkOGIxNTp7Il9hdXRoX3VzZXJfaWQiOiI1IiwiX2F1dGhfdXNlcl9iYWNrZW5kIjoiZGphbmdvLmNvbnRyaWIuYXV0aC5iYWNrZW5kcy5Nb2RlbEJhY2tlbmQiLCJfYXV0aF91c2VyX2hhc2giOiI4YzUyMjhjZjUwNDg3MWRiZGU2M2I0NGE0YjI1Mzk1NzAyZmZhZTRkIn0=", "expire_date": "2020-05-19T16:07:11.110Z"}}, {"model": "sessions.session", "pk": "vz73n887aefuq7czyf5v70loyiey8e32", "fields": {"session_data": "ZDJjMTg3MmJhMjgwNmUzZmU2Yzk4Y2FiNTI0YjRjMTA5NDE4OTgxMTp7Im5leHQiOiIvIiwiZmFjZWJvb2tfc3RhdGUiOiJLc2YyM2hWaGd6eURHbmRNVEJtSkZFWG15Vm9VVkoxZSIsIl9hdXRoX3VzZXJfaWQiOiIxIiwiX2F1dGhfdXNlcl9iYWNrZW5kIjoiZGphbmdvLmNvbnRyaWIuYXV0aC5iYWNrZW5kcy5Nb2RlbEJhY2tlbmQiLCJfYXV0aF91c2VyX2hhc2giOiI0MDcyYzRlY2RiOThiNDQ2NzI3YzcwY2NmYjk0N2Q4N2IxZGQ3NTkwIn0=", "expire_date": "2020-05-25T09:06:20.181Z"}}, {"model": "sessions.session", "pk": "woyi9tlc3edurhzsu3rnivmowunc3we5", "fields": {"session_data": "OTU5ODBjYjE5NTIzNmQ4YzU4NTdhM2FjNWNmOGZlNzJmMGI2MjgzZjp7Il9hdXRoX3VzZXJfaWQiOiIxIiwiX2F1dGhfdXNlcl9iYWNrZW5kIjoiZGphbmdvLmNvbnRyaWIuYXV0aC5iYWNrZW5kcy5Nb2RlbEJhY2tlbmQiLCJfYXV0aF91c2VyX2hhc2giOiI0MDcyYzRlY2RiOThiNDQ2NzI3YzcwY2NmYjk0N2Q4N2IxZGQ3NTkwIn0=", "expire_date": "2020-05-08T13:20:34.569Z"}}, {"model": "sessions.session", "pk": "x88747i63ovekutrxmedhuumx9tu371w", "fields": {"session_data": "ZDgzZDNjZTE0ZTIyNjJiZmM5ZDgzMmZkMDJlNmYyOTY0NDQ3YWQ0Yzp7Il9hdXRoX3VzZXJfaWQiOiIyIiwiX2F1dGhfdXNlcl9iYWNrZW5kIjoiZGphbmdvLmNvbnRyaWIuYXV0aC5iYWNrZW5kcy5Nb2RlbEJhY2tlbmQiLCJfYXV0aF91c2VyX2hhc2giOiJjNDM2YTQ1NDMwNmE1NjZiNzJhYjE3NzBlOGNjNTE1YjIzMzJhNmEzIn0=", "expire_date": "2020-05-05T10:17:58.533Z"}}, {"model": "sessions.session", "pk": "xjgfk4cy66ia492x1mir0v3iara5nvup", "fields": {"session_data": "ZDgzZDNjZTE0ZTIyNjJiZmM5ZDgzMmZkMDJlNmYyOTY0NDQ3YWQ0Yzp7Il9hdXRoX3VzZXJfaWQiOiIyIiwiX2F1dGhfdXNlcl9iYWNrZW5kIjoiZGphbmdvLmNvbnRyaWIuYXV0aC5iYWNrZW5kcy5Nb2RlbEJhY2tlbmQiLCJfYXV0aF91c2VyX2hhc2giOiJjNDM2YTQ1NDMwNmE1NjZiNzJhYjE3NzBlOGNjNTE1YjIzMzJhNmEzIn0=", "expire_date": "2020-05-06T08:00:49.659Z"}}, {"model": "sessions.session", "pk": "y1p8j3yevs3t2h8krkc103ltqm5cv7xv", "fields": {"session_data": "ZDgzZDNjZTE0ZTIyNjJiZmM5ZDgzMmZkMDJlNmYyOTY0NDQ3YWQ0Yzp7Il9hdXRoX3VzZXJfaWQiOiIyIiwiX2F1dGhfdXNlcl9iYWNrZW5kIjoiZGphbmdvLmNvbnRyaWIuYXV0aC5iYWNrZW5kcy5Nb2RlbEJhY2tlbmQiLCJfYXV0aF91c2VyX2hhc2giOiJjNDM2YTQ1NDMwNmE1NjZiNzJhYjE3NzBlOGNjNTE1YjIzMzJhNmEzIn0=", "expire_date": "2020-05-05T17:17:30.570Z"}}, {"model": "sessions.session", "pk": "z4q6k46ehc3sybr25yiv8d7d698bv4fq", "fields": {"session_data": "OTU5ODBjYjE5NTIzNmQ4YzU4NTdhM2FjNWNmOGZlNzJmMGI2MjgzZjp7Il9hdXRoX3VzZXJfaWQiOiIxIiwiX2F1dGhfdXNlcl9iYWNrZW5kIjoiZGphbmdvLmNvbnRyaWIuYXV0aC5iYWNrZW5kcy5Nb2RlbEJhY2tlbmQiLCJfYXV0aF91c2VyX2hhc2giOiI0MDcyYzRlY2RiOThiNDQ2NzI3YzcwY2NmYjk0N2Q4N2IxZGQ3NTkwIn0=", "expire_date": "2020-06-01T12:00:47.766Z"}}, {"model": "sessions.session", "pk": "zmodn8kqkiz7rk1etab7h119t96fglle", "fields": {"session_data": "OTU5ODBjYjE5NTIzNmQ4YzU4NTdhM2FjNWNmOGZlNzJmMGI2MjgzZjp7Il9hdXRoX3VzZXJfaWQiOiIxIiwiX2F1dGhfdXNlcl9iYWNrZW5kIjoiZGphbmdvLmNvbnRyaWIuYXV0aC5iYWNrZW5kcy5Nb2RlbEJhY2tlbmQiLCJfYXV0aF91c2VyX2hhc2giOiI0MDcyYzRlY2RiOThiNDQ2NzI3YzcwY2NmYjk0N2Q4N2IxZGQ3NTkwIn0=", "expire_date": "2020-05-25T08:14:35.948Z"}}, {"model": "mainapp.productcategory", "pk": 1, "fields": {"name": "Series 12v", "description": "\u0418\u043d\u0441\u0442\u0440\u0443\u043c\u0435\u043d\u0442 \u0441 \u0430\u043a\u043a\u0443\u043c\u0443\u043b\u044f\u0442\u043e\u0440\u0430\u043c\u0438 \u043d\u0430 12v", "is_active": true}}, {"model": "mainapp.productcategory", "pk": 2, "fields": {"name": "Series 18v", "description": "\u0418\u043d\u0441\u0442\u0440\u0443\u043c\u0435\u043d\u0442 \u0441 \u0430\u043a\u043a\u0443\u043c\u0443\u043b\u044f\u0442\u043e\u0440\u0430\u043c\u0438 \u043d\u0430 18v", "is_active": true}}, {"model": "mainapp.productcategory", "pk": 3, "fields": {"name": "Series 24-36v", "description": "\u0418\u043d\u0441\u0442\u0440\u0443\u043c\u0435\u043d\u0442 \u0441 \u0430\u043a\u043a\u0443\u043c\u0443\u043b\u044f\u0442\u043e\u0440\u0430\u043c\u0438 \u043d\u0430 24-36v", "is_active": true}}, {"model": "mainapp.productcategory", "pk": 4, "fields": {"name": "\u0424\u0438\u0433\u043d\u044f", "description": "", "is_active": false}}, {"model": "mainapp.product", "pk": 1, "fields": {"category": 1, "name": "METABO PowerMaxx BS 2\u04452,0", "image": "product_images/270x270_product_1.jpg", "short_desc": "\u0411\u0435\u0437\u0443\u0434\u0430\u0440\u043d\u0430\u044f \u0434\u0440\u0435\u043b\u044c-\u0448\u0443\u0440\u0443\u043f\u043e\u0432\u0435\u0440\u0442", "description": "\u041d\u0430\u043f\u0440\u044f\u0436\u0435\u043d\u0438\u0435 \u043f\u0438\u0442\u0430\u043d\u0438\u044f\t10,8 \u0412\r\n\u0422\u0438\u043f \u0430\u043a\u043a\u0443\u043c\u0443\u043b\u044f\u0442\u043e\u0440\u043d\u043e\u0439 \u0431\u0430\u0442\u0430\u0440\u0435\u0438\tLi-Ion\r\n\u0415\u043c\u043a\u043e\u0441\u0442\u044c \u0430\u043a\u043a\u0443\u043c\u0443\u043b\u044f\u0442\u043e\u0440\u0430\t2 \u0410.\u0447\r\n\u041c\u0430\u043a\u0441\u0438\u043c\u0430\u043b\u044c\u043d\u044b\u0439 \u043a\u0440\u0443\u0442\u044f\u0449\u0438\u0439 \u043c\u043e\u043c\u0435\u043d\u0442\t34 \u041d\u043c\r\n\u0420\u0435\u0436\u0438\u043c\u044b \u0440\u0430\u0431\u043e\u0442\u044b\t\u0421\u0432\u0435\u0440\u043b\u0435\u043d\u0438\u0435", "price": "5461.00", "quantity": 35, "is_active": true}}, {"model": "mainapp.product", "pk": 2, "fields": {"category": 1, "name": "DeWALT DCF 815 D2", "image": "product_images/270x270_product_2.jpg", "short_desc": "\u0423\u0434\u0430\u0440\u043d\u0430\u044f \u0434\u0440\u0435\u043b\u044c-\u0448\u0443\u0440\u0443\u043f\u043e\u0432\u0435\u0440\u0442", "description": "\u041d\u0430\u043f\u0440\u044f\u0436\u0435\u043d\u0438\u0435 \u043f\u0438\u0442\u0430\u043d\u0438\u044f\t10,8 \u0412\r\n\u0422\u0438\u043f \u0430\u043a\u043a\u0443\u043c\u0443\u043b\u044f\u0442\u043e\u0440\u043d\u043e\u0439 \u0431\u0430\u0442\u0430\u0440\u0435\u0438\tLi-Ion\r\n\u0415\u043c\u043a\u043e\u0441\u0442\u044c \u0430\u043a\u043a\u0443\u043c\u0443\u043b\u044f\u0442\u043e\u0440\u0430\t2 \u0410.\u0447\r\n\u041c\u0430\u043a\u0441\u0438\u043c\u0430\u043b\u044c\u043d\u044b\u0439 \u043a\u0440\u0443\u0442\u044f\u0449\u0438\u0439 \u043c\u043e\u043c\u0435\u043d\u0442\t107 \u041d\u043c", "price": "10267.00", "quantity": 14, "is_active": true}}, {"model": "mainapp.product", "pk": 3, "fields": {"category": 1, "name": "BOSCH GSR 12V-15 FC", "image": "product_images/270x270_product_3.jpg", "short_desc": "\u0411\u0435\u0437\u0443\u0434\u0430\u0440\u043d\u0430\u044f \u0434\u0440\u0435\u043b\u044c-\u0448\u0443\u0440\u0443\u043f\u043e\u0432\u0435\u0440\u0442", "description": "\u0431\u0435\u0437\u0443\u0434\u0430\u0440\u043d\u0430\u044f \u0434\u0440\u0435\u043b\u044c-\u0448\u0443\u0440\u0443\u043f\u043e\u0432\u0435\u0440\u0442\r\n\u043f\u0438\u0442\u0430\u043d\u0438\u0435 \u043e\u0442 Li-Ion \u0430\u043a\u043a\u0443\u043c\u0443\u043b\u044f\u0442\u043e\u0440\u0430 2 \u0410\u00b7\u0447, 12 \u0412\r\n\u043c\u0430\u043a\u0441\u0438\u043c\u0430\u043b\u044c\u043d\u044b\u0439 \u043a\u0440\u0443\u0442\u044f\u0449\u0438\u0439 \u043c\u043e\u043c\u0435\u043d\u0442 30 \u041d\u00b7\u043c\r\n\u043a\u043e\u043b\u0438\u0447\u0435\u0441\u0442\u0432\u043e \u0441\u043a\u043e\u0440\u043e\u0441\u0442\u0435\u0439 \u0440\u0430\u0431\u043e\u0442\u044b: 2\r\n\u043b\u0430\u043c\u043f\u0430 \u0442\u043e\u0447\u0435\u0447\u043d\u043e\u0439 \u043f\u043e\u0434\u0441\u0432\u0435\u0442\u043a\u0438\r\n\u044d\u043b\u0435\u043a\u0442\u0440\u043e\u043d\u043d\u0430\u044f \u0440\u0435\u0433\u0443\u043b\u0438\u0440\u043e\u0432\u043a\u0430 \u0447\u0430\u0441\u0442\u043e\u0442\u044b \u0432\u0440\u0430\u0449\u0435\u043d\u0438\u044f, \u0431\u043b\u043e\u043a\u0438\u0440\u043e\u0432\u043a\u0430 \u043a\u043d\u043e\u043f\u043a\u0438 \u0432\u043a\u043b\u044e\u0447\u0435\u043d\u0438\u044f\r\n\u0434\u0432\u0430 \u0430\u043a\u043a\u0443\u043c\u0443\u043b\u044f\u0442\u043e\u0440\u0430, \u043a\u0435\u0439\u0441, \u0437\u0430\u0440\u044f\u0434\u043d\u043e\u0435 \u0443\u0441\u0442\u0440\u043e\u0439\u0441\u0442\u0432\u043e \u0432 \u043a\u043e\u043c\u043f\u043b\u0435\u043a\u0442\u0435\r\n\u0432\u0435\u0441 0.8 \u043a\u0433", "price": "30000.00", "quantity": 29, "is_active": true}}, {"model": "mainapp.product", "pk": 4, "fields": {"category": 1, "name": "BOSCH GSB 1080-2-LI /120-L", "image": "product_images/270x270_product_4.jpg", "short_desc": "\u0423\u0434\u0430\u0440\u043d\u0430\u044f \u0434\u0440\u0435\u043b\u044c-\u0448\u0443\u0440\u0443\u043f\u043e\u0432\u0435\u0440\u0442", "description": "\u041d\u0430\u043f\u0440\u044f\u0436\u0435\u043d\u0438\u0435 \u043f\u0438\u0442\u0430\u043d\u0438\u044f\t10,8 \u0412\r\n\u0422\u0438\u043f \u0430\u043a\u043a\u0443\u043c\u0443\u043b\u044f\u0442\u043e\u0440\u043d\u043e\u0439 \u0431\u0430\u0442\u0430\u0440\u0435\u0438\tLi-Ion\r\n\u0415\u043c\u043a\u043e\u0441\u0442\u044c \u0430\u043a\u043a\u0443\u043c\u0443\u043b\u044f\u0442\u043e\u0440\u0430\t1,5 \u0410.\u0447\r\n\u041c\u0430\u043a\u0441\u0438\u043c\u0430\u043b\u044c\u043d\u044b\u0439 \u043a\u0440\u0443\u0442\u044f\u0449\u0438\u0439 \u043c\u043e\u043c\u0435\u043d\u0442\t28 \u041d\u043c", "price": "6222.00", "quantity": 13, "is_active": true}}, {"model": "mainapp.product", "pk": 5, "fields": {"category": 2, "name": "METABO BS 18 LT\u0425 Impuls 1x3.5 \u0410\u0447", "image": "product_images/270x270_product_5.jpg", "short_desc": "\u0411\u0435\u0437\u0443\u0434\u0430\u0440\u043d\u0430\u044f \u0434\u0440\u0435\u043b\u044c-\u0448\u0443\u0440\u0443\u043f\u043e\u0432\u0435\u0440\u0442", "description": "\u041d\u0430\u043f\u0440\u044f\u0436\u0435\u043d\u0438\u0435 \u043f\u0438\u0442\u0430\u043d\u0438\u044f\t18 \u0412\r\n\u0422\u0438\u043f \u0430\u043a\u043a\u0443\u043c\u0443\u043b\u044f\u0442\u043e\u0440\u043d\u043e\u0439 \u0431\u0430\u0442\u0430\u0440\u0435\u0438\tLi-Ion\r\n\u0415\u043c\u043a\u043e\u0441\u0442\u044c \u0430\u043a\u043a\u0443\u043c\u0443\u043b\u044f\u0442\u043e\u0440\u0430\t3,5 \u0410.\u0447\r\n\u041c\u0430\u043a\u0441\u0438\u043c\u0430\u043b\u044c\u043d\u044b\u0439 \u043a\u0440\u0443\u0442\u044f\u0449\u0438\u0439 \u043c\u043e\u043c\u0435\u043d\u0442\t110 \u041d\u043c", "price": "14561.00", "quantity": 21, "is_active": true}}, {"model": "mainapp.product", "pk": 6, "fields": {"category": 2, "name": "BOSCH GSR 180-LI", "image": "product_images/270x270_product_6.jpg", "short_desc": "\u0411\u0435\u0437\u0443\u0434\u0430\u0440\u043d\u0430\u044f \u0434\u0440\u0435\u043b\u044c-\u0448\u0443\u0440\u0443\u043f\u043e\u0432\u0435\u0440\u0442", "description": "\u041d\u0430\u043f\u0440\u044f\u0436\u0435\u043d\u0438\u0435 \u043f\u0438\u0442\u0430\u043d\u0438\u044f\t18 \u0412\r\n\u0422\u0438\u043f \u0430\u043a\u043a\u0443\u043c\u0443\u043b\u044f\u0442\u043e\u0440\u043d\u043e\u0439 \u0431\u0430\u0442\u0430\u0440\u0435\u0438\tLi-Ion\r\n\u0415\u043c\u043a\u043e\u0441\u0442\u044c \u0430\u043a\u043a\u0443\u043c\u0443\u043b\u044f\u0442\u043e\u0440\u0430\t1,5 \u0410.\u0447\r\n\u041c\u0430\u043a\u0441\u0438\u043c\u0430\u043b\u044c\u043d\u044b\u0439 \u043a\u0440\u0443\u0442\u044f\u0449\u0438\u0439 \u043c\u043e\u043c\u0435\u043d\u0442\t54 \u041d\u043c", "price": "8954.00", "quantity": 31, "is_active": true}}, {"model": "mainapp.product", "pk": 7, "fields": {"category": 2, "name": "DeWALT DCD 771 D2", "image": "product_images/270x270_product_7.jpg", "short_desc": "\u0411\u0435\u0437\u0443\u0434\u0430\u0440\u043d\u0430\u044f \u0434\u0440\u0435\u043b\u044c-\u0448\u0443\u0440\u0443\u043f\u043e\u0432\u0435\u0440\u0442", "description": "\u041d\u0430\u043f\u0440\u044f\u0436\u0435\u043d\u0438\u0435 \u043f\u0438\u0442\u0430\u043d\u0438\u044f\t18 \u0412\r\n\u0422\u0438\u043f \u0430\u043a\u043a\u0443\u043c\u0443\u043b\u044f\u0442\u043e\u0440\u043d\u043e\u0439 \u0431\u0430\u0442\u0430\u0440\u0435\u0438\tLi-Ion\r\n\u0415\u043c\u043a\u043e\u0441\u0442\u044c \u0430\u043a\u043a\u0443\u043c\u0443\u043b\u044f\u0442\u043e\u0440\u0430\t2 \u0410.\u0447\r\n\u041c\u0430\u043a\u0441\u0438\u043c\u0430\u043b\u044c\u043d\u044b\u0439 \u043a\u0440\u0443\u0442\u044f\u0449\u0438\u0439 \u043c\u043e\u043c\u0435\u043d\u0442\t42 \u041d\u043c", "price": "9998.00", "quantity": 53, "is_active": true}}, {"model": "mainapp.product", "pk": 8, "fields": {"category": 2, "name": "HITACHI DS 18 DBL2", "image": "product_images/270x270_product_8.jpg", "short_desc": "\u0411\u0435\u0441\u0449\u0435\u0442\u043e\u0447\u043d\u0430\u044f \u0434\u0440\u0435\u043b\u044c-\u0448\u0443\u0440\u0443\u043f\u043e\u0432\u0435\u0440\u0442", "description": "\u041d\u0430\u043f\u0440\u044f\u0436\u0435\u043d\u0438\u0435 \u043f\u0438\u0442\u0430\u043d\u0438\u044f\t18 \u0412\r\n\u0422\u0438\u043f \u0430\u043a\u043a\u0443\u043c\u0443\u043b\u044f\u0442\u043e\u0440\u043d\u043e\u0439 \u0431\u0430\u0442\u0430\u0440\u0435\u0438\tLi-Ion\r\n\u0415\u043c\u043a\u043e\u0441\u0442\u044c \u0430\u043a\u043a\u0443\u043c\u0443\u043b\u044f\u0442\u043e\u0440\u0430\t5 \u0410.\u0447\r\n\u041c\u0430\u043a\u0441\u0438\u043c\u0430\u043b\u044c\u043d\u044b\u0439 \u043a\u0440\u0443\u0442\u044f\u0449\u0438\u0439 \u043c\u043e\u043c\u0435\u043d\u0442\t136 \u041d\u043c", "price": "22900.00", "quantity": 11, "is_active": false}}, {"model": "mainapp.product", "pk": 9, "fields": {"category": 3, "name": "Bosch GSB 36 VE-2-LI", "image": "product_images/270x270_product_9.jpg", "short_desc": "\u0423\u0434\u0430\u0440\u043d\u0430\u044f \u0434\u0440\u0435\u043b\u044c-\u0448\u0443\u0440\u0443\u043f\u043e\u0432\u0435\u0440\u0442", "description": "\u041d\u0430\u043f\u0440\u044f\u0436\u0435\u043d\u0438\u0435 \u0430\u043a\u043a\u0443\u043c\u0443\u043b\u044f\u0442\u043e\u0440\u0430: 36 \u0412;\r\n\u0422\u0438\u043f \u0434\u0432\u0438\u0433\u0430\u0442\u0435\u043b\u044f: \u0449\u0435\u0442\u043e\u0447\u043d\u044b\u0439;\r\n\u0422\u0438\u043f \u043f\u0430\u0442\u0440\u043e\u043d\u0430: \u0431\u044b\u0441\u0442\u0440\u043e\u0437\u0430\u0436\u0438\u043c\u043d\u043e\u0439;\r\n\u041c\u0430\u043a\u0441. \u043a\u0440\u0443\u0442\u044f\u0449\u0438\u0439 \u043c\u043e\u043c\u0435\u043d\u0442: 100 \u041d\u043c.", "price": "52021.00", "quantity": 29, "is_active": true}}, {"model": "mainapp.product", "pk": 10, "fields": {"category": 3, "name": "Bosch GSR 36 VE-2-LI", "image": "product_images/270x270_product_10.jpg", "short_desc": "\u0411\u0435\u0437\u0443\u0434\u0430\u0440\u043d\u0430\u044f \u0434\u0440\u0435\u043b\u044c-\u0448\u0443\u0440\u0443\u043f\u043e\u0432\u0435\u0440\u0442", "description": "\u041d\u0430\u043f\u0440\u044f\u0436\u0435\u043d\u0438\u0435 \u0430\u043a\u043a\u0443\u043c\u0443\u043b\u044f\u0442\u043e\u0440\u0430: 36 \u0412;\r\n\u0422\u0438\u043f \u0434\u0432\u0438\u0433\u0430\u0442\u0435\u043b\u044f: \u0449\u0435\u0442\u043e\u0447\u043d\u044b\u0439;\r\n\u0422\u0438\u043f \u043f\u0430\u0442\u0440\u043e\u043d\u0430: \u0431\u044b\u0441\u0442\u0440\u043e\u0437\u0430\u0436\u0438\u043c\u043d\u043e\u0439;\r\n\u041c\u0430\u043a\u0441. \u043a\u0440\u0443\u0442\u044f\u0449\u0438\u0439 \u043c\u043e\u043c\u0435\u043d\u0442: 100 \u041d\u043c.", "price": "45483.00", "quantity": 23, "is_active": true}}, {"model": "mainapp.product", "pk": 11, "fields": {"category": 3, "name": "BOSCH GSR 36 V-LI 2.6Ah x2", "image": "product_images/270x270_product_11.jpg", "short_desc": "\u0411\u0435\u0437\u0443\u0434\u0430\u0440\u043d\u0430\u044f \u0434\u0440\u0435\u043b\u044c \u0448\u0443\u0440\u0443\u043f\u043e\u0432\u0435\u0440\u0442", "description": "\u0431\u0435\u0437\u0443\u0434\u0430\u0440\u043d\u0430\u044f \u0434\u0440\u0435\u043b\u044c-\u0448\u0443\u0440\u0443\u043f\u043e\u0432\u0435\u0440\u0442\r\n\u043f\u0438\u0442\u0430\u043d\u0438\u0435 \u043e\u0442 Li-Ion \u0430\u043a\u043a\u0443\u043c\u0443\u043b\u044f\u0442\u043e\u0440\u0430 2.60 \u0410\u00b7\u0447, 36 \u0412\r\n\u043c\u0430\u043a\u0441\u0438\u043c\u0430\u043b\u044c\u043d\u044b\u0439 \u043a\u0440\u0443\u0442\u044f\u0449\u0438\u0439 \u043c\u043e\u043c\u0435\u043d\u0442 80 \u041d\u00b7\u043c\r\n\u043a\u043e\u043b\u0438\u0447\u0435\u0441\u0442\u0432\u043e \u0441\u043a\u043e\u0440\u043e\u0441\u0442\u0435\u0439 \u0440\u0430\u0431\u043e\u0442\u044b: 2", "price": "39155.00", "quantity": 17, "is_active": true}}, {"model": "mainapp.product", "pk": 12, "fields": {"category": 3, "name": "GREENWORKS G24DD \u0431\u0435\u0437 \u0410\u041a\u0411 \u0438 \u0417\u0423", "image": "product_images/270x270_product_12.jpg", "short_desc": "\u0411\u0435\u0437\u0443\u0434\u0430\u0440\u043d\u0430\u044f \u0434\u0440\u0435\u043b\u044c-\u0448\u0443\u0440\u0443\u043f\u043e\u0432\u0435\u0440\u0442", "description": "\u041d\u0430\u043f\u0440\u044f\u0436\u0435\u043d\u0438\u0435 \u043f\u0438\u0442\u0430\u043d\u0438\u044f\t24 \u0412\r\n\u0422\u0438\u043f \u0430\u043a\u043a\u0443\u043c\u0443\u043b\u044f\u0442\u043e\u0440\u043d\u043e\u0439 \u0431\u0430\u0442\u0430\u0440\u0435\u0438\tLi-Ion\r\n\u041c\u0430\u043a\u0441\u0438\u043c\u0430\u043b\u044c\u043d\u044b\u0439 \u043a\u0440\u0443\u0442\u044f\u0449\u0438\u0439 \u043c\u043e\u043c\u0435\u043d\u0442\t56 \u041d\u043c\r\n\u0420\u0435\u0436\u0438\u043c\u044b \u0440\u0430\u0431\u043e\u0442\u044b\t\u0421\u0432\u0435\u0440\u043b\u0435\u043d\u0438\u0435", "price": "4490.00", "quantity": 62, "is_active": true}}, {"model": "mainapp.product", "pk": 13, "fields": {"category": 4, "name": "\u0444\u0438\u0433\u043d\u044f", "image": "products_images/ava1_300_300.jpg", "short_desc": "\u0424\u0438\u0433\u043d\u044f", "description": "\u041f\u043e\u043b\u043d\u0430\u044f \u0444\u0438\u0433\u043d\u044f", "price": "1888.00", "quantity": 1, "is_active": false}}, {"model": "authapp.shopuser", "pk": 1, "fields": {"password": "pbkdf2_sha256$150000$eqjgeE8vaYez$egx7DN4Whcrdk11e5uM/IM5WyZYn0C8aENO9yOtO/zU=", "last_login": "2020-05-20T07:32:39.388Z", "is_superuser": true, "username": "django", "first_name": "\u0414\u0436\u0430\u043d\u0433\u043e", "last_name": "\u041e\u0441\u0432\u043e\u0431\u043e\u0436\u0434\u0435\u043d\u043d\u044b\u0439", "email": "django@geekshop.local", "is_staff": true, "is_active": true, "date_joined": "2020-04-19T13:37:38Z", "avatar": "users_avatars/ava1_100_100.jpg", "age": 33, "activation_key": "", "activation_key_expires": "2020-05-07T14:04:02.471Z", "groups": [], "user_permissions": []}}, {"model": "authapp.shopuser", "pk": 2, "fields": {"password": "pbkdf2_sha256$150000$Dx7vC2PWqJya$kY3lrSSSDnmUYvVVADesBe6cc2uWfF2cuSpaGzlh4xQ=", "last_login": "2020-05-02T13:12:32.199Z", "is_superuser": false, "username": "n1k", "first_name": "Nik", "last_name": "", "email": "", "is_staff": false, "is_active": true, "date_joined": "2020-04-21T10:17:53Z", "avatar": "", "age": 30, "activation_key": "", "activation_key_expires": "2020-05-07T14:04:02.471Z", "groups": [], "user_permissions": []}}, {"model": "authapp.shopuser", "pk": 3, "fields": {"password": "pbkdf2_sha256$150000$IimdmxJ8Ad7H$GSNid0ElzIiixw21FyolI1+nkJSor5cXSCTUTXsKxkY=", "last_login": null, "is_superuser": false, "username": "test", "first_name": "\u0414\u0436\u0430\u043d\u0433\u043e", "last_name": "", "email": "nikolaeff2007@mail.ru", "is_staff": false, "is_active": false, "date_joined": "2020-05-05T15:21:15.337Z", "avatar": "", "age": 33, "activation_key": "6bf044e732b218da74925a5d8171ed5384ac59ea", "activation_key_expires": "2020-05-07T15:20:55.505Z", "groups": [], "user_permissions": []}}, {"model": "authapp.shopuser", "pk": 4, "fields": {"password": "pbkdf2_sha256$150000$yrXhLpEevxsx$3LMFq5YKzKsNVRwVZ4IMh+igP1Uc5Q80MSt9EJjJErU=", "last_login": null, "is_superuser": false, "username": "django_test", "first_name": "Django", "last_name": "", "email": "nikolaeff2007@mail.ru", "is_staff": false, "is_active": false, "date_joined": "2020-05-05T15:33:22.297Z", "avatar": "", "age": 33, "activation_key": "0cec058884bf122387d0312cbd2e362bccda91c4", "activation_key_expires": "2020-05-07T15:31:28.143Z", "groups": [], "user_permissions": []}}, {"model": "authapp.shopuser", "pk": 5, "fields": {"password": "pbkdf2_sha256$150000$htQEGnIKTS1w$wGeXWeNqFOOagKMa3PMHq2hLw1R4ofgr0n2hbb8MGLw=", "last_login": "2020-05-18T11:59:53.767Z", "is_superuser": false, "username": "django_1", "first_name": "\u0414\u0436\u0430\u043d\u0433\u043e", "last_name": "", "email": "geekshop_test@mail.ru", "is_staff": false, "is_active": true, "date_joined": "2020-05-05T15:38:36.306Z", "avatar": "", "age": 33, "activation_key": "42e5f2e88678899ba128370687edc62c31470327", "activation_key_expires": "2020-05-07T15:31:28.143Z", "groups": [], "user_permissions": []}}, {"model": "authapp.shopuser", "pk": 6, "fields": {"password": "!zrsVmqsRwK9srhBzt9vquyOq6nozb8EKSIFukJjt", "last_login": "2020-05-12T18:55:40.709Z", "is_superuser": false, "username": "nikolaeff_foto", "first_name": "\u041d\u0438\u043a\u043e\u043b\u0430\u0439", "last_name": "\u041d\u0438\u043a\u043e\u043b\u0430\u0435\u0432", "email": "", "is_staff": false, "is_active": true, "date_joined": "2020-05-11T07:03:54.261Z", "avatar": "", "age": 18, "activation_key": "", "activation_key_expires": "2020-05-13T07:03:17.485Z", "groups": [], "user_permissions": []}}, {"model": "authapp.shopuser", "pk": 7, "fields": {"password": "pbkdf2_sha256$150000$e1T7GAD31I3B$s+WQNBW+5ehJhwsVmsijArvmpdxZkorbfzOC8p5DC7U=", "last_login": "2020-05-11T07:20:22.122Z", "is_superuser": false, "username": "test7", "first_name": "test7", "last_name": "", "email": "nikolaeff2007@mail.ru", "is_staff": false, "is_active": true, "date_joined": "2020-05-11T07:10:28Z", "avatar": "", "age": 25, "activation_key": "1cdf8fd6960698b44f610d770ce7ba62e85ea1d7", "activation_key_expires": "2020-05-13T07:06:20Z", "groups": [], "user_permissions": []}}, {"model": "authapp.shopuserprofile", "pk": 1, "fields": {"user": 1, "tagline": "", "aboutMe": "", "gender": "M"}}, {"model": "authapp.shopuserprofile", "pk": 2, "fields": {"user": 2, "tagline": "", "aboutMe": "", "gender": ""}}, {"model": "authapp.shopuserprofile", "pk": 3, "fields": {"user": 3, "tagline": "", "aboutMe": "", "gender": ""}}, {"model": "authapp.shopuserprofile", "pk": 4, "fields": {"user": 4, "tagline": "", "aboutMe": "", "gender": ""}}, {"model": "authapp.shopuserprofile", "pk": 5, "fields": {"user": 5, "tagline": "", "aboutMe": "", "gender": ""}}, {"model": "authapp.shopuserprofile", "pk": 6, "fields": {"user": 6, "tagline": "", "aboutMe": "", "gender": "M"}}, {"model": "basketapp.basket", "pk": 34, "fields": {"user": 2, "product": 1, "quantity": 1, "add_datetime": "2020-05-02T12:01:50.790Z"}}, {"model": "basketapp.basket", "pk": 35, "fields": {"user": 2, "product": 7, "quantity": 2, "add_datetime": "2020-05-02T12:01:56.167Z"}}, {"model": "basketapp.basket", "pk": 47, "fields": {"user": 7, "product": 12, "quantity": 2, "add_datetime": "2020-05-11T07:16:23.003Z"}}, {"model": "basketapp.basket", "pk": 48, "fields": {"user": 7, "product": 7, "quantity": 1, "add_datetime": "2020-05-11T07:16:28.341Z"}}, {"model": "basketapp.basket", "pk": 64, "fields": {"user": 6, "product": 1, "quantity": 3, "add_datetime": "2020-05-12T13:09:51.489Z"}}, {"model": "basketapp.basket", "pk": 65, "fields": {"user": 6, "product": 7, "quantity": 1, "add_datetime": "2020-05-12T13:10:04.284Z"}}, {"model": "basketapp.basket", "pk": 66, "fields": {"user": 6, "product": 11, "quantity": 1, "add_datetime": "2020-05-12T13:10:10.464Z"}}, {"model": "social_django.usersocialauth", "pk": 1, "fields": {"user": 6, "provider": "vk-oauth2", "uid": "228221033", "extra_data": "{\"auth_time\": 1589309740, \"id\": 228221033, \"expires\": 86399, \"access_token\": \"b983f070e716683508c6437cd35d4f67994636af791f97c4259ff309e74d9827c046f2e4200cb14aebcc5\", \"token_type\": null}"}}, {"model": "ordersapp.order", "pk": 9, "fields": {"user": 1, "created": "2020-05-17T15:43:31.472Z", "updated": "2020-05-17T15:43:41.630Z", "status": "STP", "is_active": true}}, {"model": "ordersapp.order", "pk": 10, "fields": {"user": 1, "created": "2020-05-17T16:35:22.399Z", "updated": "2020-05-17T16:36:00.010Z", "status": "FM", "is_active": false}}, {"model": "ordersapp.order", "pk": 11, "fields": {"user": 1, "created": "2020-05-17T16:46:07.209Z", "updated": "2020-05-17T18:14:32.708Z", "status": "FM", "is_active": false}}, {"model": "ordersapp.order", "pk": 12, "fields": {"user": 1, "created": "2020-05-18T07:29:48.138Z", "updated": "2020-05-18T08:04:55.923Z", "status": "FM", "is_active": false}}, {"model": "ordersapp.order", "pk": 13, "fields": {"user": 1, "created": "2020-05-18T08:05:06.962Z", "updated": "2020-05-18T08:20:10.705Z", "status": "STP", "is_active": true}}, {"model": "ordersapp.order", "pk": 14, "fields": {"user": 1, "created": "2020-05-18T08:36:28.200Z", "updated": "2020-05-18T09:34:46.646Z", "status": "FM", "is_active": true}}, {"model": "ordersapp.order", "pk": 15, "fields": {"user": 1, "created": "2020-05-18T09:20:52.887Z", "updated": "2020-05-18T11:00:30.662Z", "status": "FM", "is_active": true}}, {"model": "ordersapp.order", "pk": 16, "fields": {"user": 1, "created": "2020-05-18T11:36:42.652Z", "updated": "2020-05-20T08:15:48.505Z", "status": "FM", "is_active": true}}, {"model": "ordersapp.order", "pk": 17, "fields": {"user": 5, "created": "2020-05-18T12:00:29.332Z", "updated": "2020-05-18T12:00:29.349Z", "status": "FM", "is_active": true}}, {"model": "ordersapp.orderitem", "pk": 14, "fields": {"order": 9, "product": 1, "quantity": 24}}, {"model": "ordersapp.orderitem", "pk": 15, "fields": {"order": 10, "product": 1, "quantity": 1}}, {"model": "ordersapp.orderitem", "pk": 16, "fields": {"order": 11, "product": 4, "quantity": 4}}, {"model": "ordersapp.orderitem", "pk": 17, "fields": {"order": 12, "product": 12, "quantity": 2}}, {"model": "ordersapp.orderitem", "pk": 18, "fields": {"order": 13, "product": 11, "quantity": 1}}, {"model": "ordersapp.orderitem", "pk": 19, "fields": {"order": 14, "product": 3, "quantity": 1}}, {"model": "ordersapp.orderitem", "pk": 20, "fields": {"order": 15, "product": 1, "quantity": 1}}, {"model": "ordersapp.orderitem", "pk": 21, "fields": {"order": 15, "product": 7, "quantity": 1}}, {"model": "ordersapp.orderitem", "pk": 22, "fields": {"order": 14, "product": 2, "quantity": 1}}, {"model": "ordersapp.orderitem", "pk": 23, "fields": {"order": 15, "product": 12, "quantity": 1}}, {"model": "ordersapp.orderitem", "pk": 28, "fields": {"order": 17, "product": 3, "quantity": 2}}, {"model": "ordersapp.orderitem", "pk": 29, "fields": {"order": 17, "product": 11, "quantity": 1}}, {"model": "ordersapp.orderitem", "pk": 30, "fields": {"order": 17, "product": 13, "quantity": 3}}, {"model": "ordersapp.orderitem", "pk": 31, "fields": {"order": 16, "product": 11, "quantity": 1}}, {"model": "ordersapp.orderitem", "pk": 33, "fields": {"order": 16, "product": 7, "quantity": 1}}, {"model": "ordersapp.orderitem", "pk": 34, "fields": {"order": 16, "product": 11, "quantity": 7}}, {"model": "ordersapp.orderitem", "pk": 35, "fields": {"order": 16, "product": 4, "quantity": 1}}, {"model": "ordersapp.orderitem", "pk": 36, "fields": {"order": 16, "product": 7, "quantity": 7}}]